"Id,Prenom,Nom,Mdp,Rôle"
"1001,Octavia,Blake,U9nh4Waz,User"
"1002,Bellamy,Blake,2Nn2Jaaz,Admin"
"1003,Abigail ,Griffin,v8G2Zcaz,User"
"1004,Finn,Collins,N98rqTaz,User"
"1005,Jasper,Jordan,8Ltk4Raz,User"
"1006,Raven,Reyes,n45RQzaz,Admin"
"1007,Monty ,Green,Y3yzP4az,User"
"1008,Clarke,Griffin,f56SxPaz,Admin"
"1009,Marcus,Jane,bNw4T9az,User"
"1010,John ,Murphy,zT5fH2az,User"
"1011,Wells,Jaha,z4b5RJaz,User"
"1012,Maddy ,Griffin,9jqW9Faz,Admin"
"1013,Merry,ry,kalimacaz,Admin"
"1013,Pippin,pin,secondbreakfast,User"
